{"name":"b220e178-346a-4d3d-9871-29f88681d2a8","id":"/providers/Microsoft.Flow/flows/b220e178-346a-4d3d-9871-29f88681d2a8","type":"Microsoft.Flow/flows","properties":{"apiId":"/providers/Microsoft.PowerApps/apis/shared_logicflows","displayName":"Http -> Een rij toevoegen aan een tabel","definition":{"metadata":{"workflowEntityId":null,"processAdvisorMetadata":null,"flowChargedByPaygo":null,"migrationSourceId":"/subscriptions/eef517ff-955c-439b-b949-5cc79697d005/resourceGroups/a3fef644efa741cd974450e3cf72b551-defaulta3fef644efa741cd974450e3cf72b551-env/providers/Microsoft.Logic/workflows/b220e178-346a-4d3d-9871-29f88681d2a8-azshadow","flowclientsuspensionreason":"None","flowclientsuspensiontime":null,"flowclientsuspensionreasondetails":null,"creator":{"id":"3882df8a-be70-4917-ba55-94de5a62de89","type":"User","tenantId":"a3fef644-efa7-41cd-9744-50e3cf72b551"},"provisioningMethod":"FromDefinition","failureAlertSubscription":true,"clientLastModifiedTime":"2025-11-21T12:53:07.5293243Z","clientCreatedTime":"2024-11-25T10:47:54.4406642Z","connectionKeySavedTimeKey":"2025-11-21T12:53:07.5293243Z","creationSource":null,"modifiedSources":"Portal"},"$schema":"https://schema.management.azure.com/providers/Microsoft.Logic/schemas/2016-06-01/workflowdefinition.json#","contentVersion":"1.0.0.0","parameters":{"$authentication":{"defaultValue":{},"type":"SecureObject"},"$connections":{"defaultValue":{},"type":"Object"}},"triggers":{"manual":{"metadata":{"operationMetadataId":"96c8ee84-1252-49b3-89d2-c13815b13c93"},"type":"Request","kind":"Http","inputs":{"schema":{"type":"object","properties":{"firstName":{"type":"string"},"middleName":{"type":"string"},"lastName":{"type":"string"},"birthDate":{"type":"string"},"leeftijd":{"type":"integer"},"gender":{"type":"string"},"playerPhone":{"type":"string"},"parentEmail":{"type":"string"},"parentPhone":{"type":"string"},"homeStreet":{"type":"string"},"homeNumber":{"type":"string"},"homePostal":{"type":"string"},"homeCity":{"type":"string"},"homeRegion":{"type":"string"},"schoolName":{"type":"string"},"schoolStreet":{"type":"string"},"schoolNumber":{"type":"string"},"schoolPostal":{"type":"string"},"schoolCity":{"type":"string"},"schoolRegion":{"type":"string"},"club":{"type":"string"},"team":{"type":"string"},"age":{"type":"integer"},"sport":{"type":"string"},"league":{"type":"string"},"year":{"type":"integer"},"month":{"type":"integer"},"gdprConsent":{"type":"boolean"}}},"triggerAuthenticationType":"All"}}},"actions":{"Voorwaarde":{"actions":{"Een_rij_toevoegen_aan_een_tabel-_Baseball":{"metadata":{"01R2PLKJH66LWFYBUZBNAJMZWCXKN6S34X":"/Inschrijvingen 2024/TST -inschrijving.xlsx","tableId":"{55A7FD66-DF83-495B-A79D-189B1D7F3F40}","operationMetadataId":"0e8a651d-6b4e-4382-a64e-bc60245fffaf","01R2PLKJDD6RZXBW6YT5CZUTR3EXJCH22E":"/Inschrijvingen/bron-inschrijving.xlsx"},"type":"OpenApiConnection","inputs":{"parameters":{"source":"me","drive":"b!CqinCZ0XvkCPozcqtWpVzu00s6B_W_RPjCDktczh-G5XG3TfEOcqRb1QR4mfZbTX","file":"01R2PLKJDD6RZXBW6YT5CZUTR3EXJCH22E","table":"{55A7FD66-DF83-495B-A79D-189B1D7F3F40}","dateTimeFormat":"ISO 8601","item/Voornaam":"@triggerBody()?['firstName']","item/Tussenvoegels":"@triggerBody()?['middleName']","item/Achternaam":"@triggerBody()?['lastName']","item/Adres_thuis":"@{triggerBody()?['homeStreet']} @{triggerBody()?['homeNumber']}","item/Postcode_thuis":"@triggerBody()?['homePostal']","item/Woonplaats_thuis":"@triggerBody()?['homeCity']","item/Telefoonnummer ouders":"@triggerBody()?['parentPhone']","item/Telefoonnummer kind":"@triggerBody()?['playerPhone']","item/Email":"@triggerBody()?['parentEmail']","item/School":"@triggerBody()?['schoolName']","item/Adres_school":"@{triggerBody()?['schoolStreet']} @{triggerBody()?['schoolNumber']}","item/Postcode_school":"@triggerBody()?['schoolPostal']","item/Plaats_school":"@triggerBody()?['schoolCity']","item/Club":"@triggerBody()?['club']","item/Team":"@triggerBody()?['team']","item/Regio thuis":"@triggerBody()?['homeRegion']","item/Regio School":"@triggerBody()?['schoolRegion']","item/Leeftijd":"@triggerBody()?['leeftijd']","item/Geboortemaand":"@triggerBody()?['month']","item/Geboortejaar":"@triggerBody()?['year']","item/Geboortedatum":"@triggerBody()?['birthDate']","item/Geslacht":"@triggerBody()?['gender']","item/Honk~1Soft":"@triggerBody()?['sport']","item/League":"@triggerBody()?['league']","item/LL Leeftijd":"@triggerBody()?['age']","item/AVG":"@triggerBody()?['gdprConsent']","item/created_at":"@utcNow()"},"host":{"apiId":"/providers/Microsoft.PowerApps/apis/shared_excelonlinebusiness","connectionName":"shared_excelonlinebusiness","operationId":"AddRowV2"},"authentication":"@parameters('$authentication')"}}},"runAfter":{"Vertragen":["Succeeded"]},"else":{"actions":{"Een_rij_toevoegen_aan_een_tabel-_Softball":{"metadata":{"01R2PLKJH66LWFYBUZBNAJMZWCXKN6S34X":"/Inschrijvingen 2024/TST -inschrijving.xlsx","tableId":"{038CC252-40BE-407F-9905-5DB44FDBEECC}","operationMetadataId":"0e8a651d-6b4e-4382-a64e-bc60245fffaf","01R2PLKJDD6RZXBW6YT5CZUTR3EXJCH22E":"/Inschrijvingen/bron-inschrijving.xlsx"},"type":"OpenApiConnection","inputs":{"parameters":{"source":"me","drive":"b!CqinCZ0XvkCPozcqtWpVzu00s6B_W_RPjCDktczh-G5XG3TfEOcqRb1QR4mfZbTX","file":"01R2PLKJDD6RZXBW6YT5CZUTR3EXJCH22E","table":"{038CC252-40BE-407F-9905-5DB44FDBEECC}","dateTimeFormat":"ISO 8601","item/Voornaam":"@triggerBody()?['firstName']","item/Tussenvoegels":"@triggerBody()?['middleName']","item/Achternaam":"@triggerBody()?['lastName']","item/Adres_thuis":"@{triggerBody()?['homeStreet']} @{triggerBody()?['homeNumber']}","item/Postcode_thuis":"@{triggerBody()?['homePostal']} ","item/Woonplaats_thuis":"@triggerBody()?['homeCity']","item/Telefoonnummer ouders":"@triggerBody()?['parentPhone']","item/Telefoonnummer kind":"@triggerBody()?['playerPhone']","item/Email":"@triggerBody()?['parentEmail']","item/School":"@triggerBody()?['schoolName']","item/Adres_school":"@{triggerBody()?['schoolStreet']} @{triggerBody()?['schoolNumber']}","item/Postcode_school":"@triggerBody()?['schoolPostal']","item/Plaats_school":"@triggerBody()?['schoolCity']","item/Club":"@triggerBody()?['club']","item/Team":"@triggerBody()?['team']","item/Regio thuis":"@triggerBody()?['homeRegion']","item/Regio School":"@triggerBody()?['schoolRegion']","item/Leeftijd":"@triggerBody()?['leeftijd']","item/Geboortemaand":"@triggerBody()?['month']","item/Geboortejaar":"@triggerBody()?['year']","item/Geboortedatum":"@triggerBody()?['birthDate']","item/Geslacht":"@triggerBody()?['gender']","item/Honk~1Soft":"@triggerBody()?['sport']","item/League":"@triggerBody()?['league']","item/LL Leeftijd":"@triggerBody()?['age']","item/AVG":"@triggerBody()?['gdprConsent']","item/created_at":"@utcNow()"},"host":{"apiId":"/providers/Microsoft.PowerApps/apis/shared_excelonlinebusiness","connectionName":"shared_excelonlinebusiness","operationId":"AddRowV2"},"authentication":"@parameters('$authentication')"}}}},"expression":{"and":[{"equals":["@triggerBody()?['sport']","Baseball"]}]},"metadata":{"operationMetadataId":"1ed0acc1-37ee-4fcd-bab6-f052026c1205"},"type":"If"},"Schakelaar":{"runAfter":{"Vertragen":["Succeeded"]},"cases":{"Amsterdam":{"case":"Amsterdam","actions":{"Voorwaarde-_Amsterdam":{"actions":{"Een_rij_toevoegen_aan_een_tabel-_Baseball_-_Amsterdam":{"metadata":{"01R2PLKJH66LWFYBUZBNAJMZWCXKN6S34X":"/Inschrijvingen 2024/TST -inschrijving.xlsx","tableId":"Baseball","operationMetadataId":"0e8a651d-6b4e-4382-a64e-bc60245fffaf","01R2PLKJHGWAXSJBZ66VEL7UM74XA76KHI":"/Inschrijvingen/Amsterdam.xlsx"},"type":"OpenApiConnection","inputs":{"parameters":{"source":"me","drive":"b!CqinCZ0XvkCPozcqtWpVzu00s6B_W_RPjCDktczh-G5XG3TfEOcqRb1QR4mfZbTX","file":"01R2PLKJHGWAXSJBZ66VEL7UM74XA76KHI","table":"Baseball","dateTimeFormat":"ISO 8601","item/Voornaam":"@triggerBody()?['firstName']","item/Tussenvoegels":"@triggerBody()?['middleName']","item/Achternaam":"@triggerBody()?['lastName']","item/Adres_thuis":"@{triggerBody()?['homeStreet']} @{triggerBody()?['homeNumber']}","item/Postcode_thuis":"@triggerBody()?['homePostal']","item/Woonplaats_thuis":"@triggerBody()?['homeCity']","item/Telefoonnummer ouders":"@triggerBody()?['parentPhone']","item/Telefoonnummer kind":"@triggerBody()?['playerPhone']","item/Email":"@triggerBody()?['parentEmail']","item/School":"@triggerBody()?['schoolName']","item/Adres_school":"@{triggerBody()?['schoolStreet']} @{triggerBody()?['schoolNumber']}","item/Postcode_school":"@triggerBody()?['schoolPostal']","item/Plaats_school":"@triggerBody()?['homeCity']","item/Club":"@triggerBody()?['club']","item/Team":"@triggerBody()?['team']","item/Regio thuis":"@triggerBody()?['homeRegion']","item/Regio School":"@triggerBody()?['schoolRegion']","item/Leeftijd":"@triggerBody()?['leeftijd']","item/Geboortemaand":"@triggerBody()?['month']","item/Geboortejaar":"@triggerBody()?['year']","item/Geboortedatum":"@{triggerBody()?['birthDate']} ","item/Geslacht":"@triggerBody()?['gender']","item/Honk~1Soft":"@triggerBody()?['sport']","item/League":"@{triggerBody()?['league']}  ","item/LL Leeftijd":"@triggerBody()?['age']","item/AVG":"@triggerBody()?['gdprConsent']","item/created_at":"@utcNow()"},"host":{"apiId":"/providers/Microsoft.PowerApps/apis/shared_excelonlinebusiness","connectionName":"shared_excelonlinebusiness","operationId":"AddRowV2"},"authentication":"@parameters('$authentication')"}}},"else":{"actions":{"Een_rij_toevoegen_aan_een_tabel-_Softball_-_Amsterdam":{"metadata":{"01R2PLKJH66LWFYBUZBNAJMZWCXKN6S34X":"/Inschrijvingen 2024/TST -inschrijving.xlsx","tableId":"Softbal","operationMetadataId":"0e8a651d-6b4e-4382-a64e-bc60245fffaf","01R2PLKJHGWAXSJBZ66VEL7UM74XA76KHI":"/Inschrijvingen/Amsterdam.xlsx"},"type":"OpenApiConnection","inputs":{"parameters":{"source":"me","drive":"b!CqinCZ0XvkCPozcqtWpVzu00s6B_W_RPjCDktczh-G5XG3TfEOcqRb1QR4mfZbTX","file":"01R2PLKJHGWAXSJBZ66VEL7UM74XA76KHI","table":"Softbal","dateTimeFormat":"ISO 8601","item/Voornaam":"@triggerBody()?['firstName']","item/Tussenvoegels":"@triggerBody()?['middleName']","item/Achternaam":"@triggerBody()?['lastName']","item/Adres_thuis":"@{triggerBody()?['homeStreet']} @{triggerBody()?['homeNumber']}","item/Postcode_thuis":"@triggerBody()?['homePostal']","item/Woonplaats_thuis":"@triggerBody()?['homeCity']","item/Telefoonnummer ouders":"@triggerBody()?['parentPhone']","item/Telefoonnummer kind":"@triggerBody()?['playerPhone']","item/Email":"@triggerBody()?['parentEmail']","item/School":"@triggerBody()?['schoolName']","item/Adres_school":"@{triggerBody()?['schoolStreet']} @{triggerBody()?['schoolNumber']}","item/Postcode_school":"@triggerBody()?['schoolPostal']","item/Plaats_school":"@triggerBody()?['schoolCity']","item/Club":"@triggerBody()?['club']","item/Team":"@triggerBody()?['team']","item/Regio thuis":"@triggerBody()?['homeRegion']","item/Regio School":"@triggerBody()?['schoolRegion']","item/Leeftijd":"@triggerBody()?['leeftijd']","item/Geboortemaand":"@triggerBody()?['month']","item/Geboortejaar":"@triggerBody()?['year']","item/Geboortedatum":"@triggerBody()?['birthDate']","item/Geslacht":"@triggerBody()?['gender']","item/Honk~1Soft":"@triggerBody()?['sport']","item/League":"@triggerBody()?['league']","item/LL Leeftijd":"@triggerBody()?['age']","item/AVG":"@triggerBody()?['gdprConsent']","item/created_at":"@utcNow()"},"host":{"apiId":"/providers/Microsoft.PowerApps/apis/shared_excelonlinebusiness","connectionName":"shared_excelonlinebusiness","operationId":"AddRowV2"},"authentication":"@parameters('$authentication')"}}}},"expression":{"and":[{"equals":["@triggerBody()?['sport']","Baseball"]}]},"metadata":{"operationMetadataId":"b32af4c4-1890-426b-b115-e4ccd9078e6f"},"type":"If"}}},"Den_Haag":{"case":"Den Haag","actions":{"Voorwaarde_Den_Haag":{"actions":{"Een_rij_toevoegen_aan_een_tabel-_Baseball_-_Den_Haag":{"metadata":{"01R2PLKJH66LWFYBUZBNAJMZWCXKN6S34X":"/Inschrijvingen 2024/TST -inschrijving.xlsx","tableId":"Baseball","operationMetadataId":"0e8a651d-6b4e-4382-a64e-bc60245fffaf","01R2PLKJHGWAXSJBZ66VEL7UM74XA76KHI":"/Inschrijvingen/Amsterdam.xlsx","01R2PLKJGUTDYUMB72VFF2XQC3OWNZKW6S":"/Inschrijvingen/Den Haag.xlsx"},"type":"OpenApiConnection","inputs":{"parameters":{"source":"me","drive":"b!CqinCZ0XvkCPozcqtWpVzu00s6B_W_RPjCDktczh-G5XG3TfEOcqRb1QR4mfZbTX","file":"01R2PLKJGUTDYUMB72VFF2XQC3OWNZKW6S","table":"Baseball","dateTimeFormat":"ISO 8601","item/Voornaam":"@triggerBody()?['firstName']","item/Tussenvoegels":"@triggerBody()?['middleName']","item/Achternaam":"@triggerBody()?['lastName']","item/Adres_thuis":"@{triggerBody()?['homeStreet']} @{triggerBody()?['homeNumber']}","item/Postcode_thuis":"@triggerBody()?['homePostal']","item/Woonplaats_thuis":"@triggerBody()?['homeCity']","item/Telefoonnummer ouders":"@triggerBody()?['parentPhone']","item/Telefoonnummer kind":"@triggerBody()?['playerPhone']","item/Email":"@triggerBody()?['parentEmail']","item/School":"@triggerBody()?['schoolName']","item/Adres_school":"@{triggerBody()?['schoolStreet']} @{triggerBody()?['schoolNumber']}","item/Postcode_school":"@triggerBody()?['schoolPostal']","item/Plaats_school":"@triggerBody()?['homeCity']","item/Club":"@triggerBody()?['club']","item/Team":"@triggerBody()?['team']","item/Regio thuis":"@triggerBody()?['homeRegion']","item/Regio School":"@triggerBody()?['schoolRegion']","item/Leeftijd":"@triggerBody()?['leeftijd']","item/Geboortemaand":"@triggerBody()?['month']","item/Geboortejaar":"@triggerBody()?['year']","item/Geboortedatum":"@triggerBody()?['birthDate']","item/Geslacht":"@triggerBody()?['gender']","item/Honk~1Soft":"@triggerBody()?['sport']","item/League":"@triggerBody()?['league']","item/LL Leeftijd":"@triggerBody()?['age']","item/AVG":"@triggerBody()?['gdprConsent']","item/created_at":"@utcNow()"},"host":{"apiId":"/providers/Microsoft.PowerApps/apis/shared_excelonlinebusiness","connectionName":"shared_excelonlinebusiness","operationId":"AddRowV2"},"authentication":"@parameters('$authentication')"}}},"else":{"actions":{"Een_rij_toevoegen_aan_een_tabel-_Softball_-Den_Haag":{"metadata":{"01R2PLKJH66LWFYBUZBNAJMZWCXKN6S34X":"/Inschrijvingen 2024/TST -inschrijving.xlsx","tableId":"Softbal","operationMetadataId":"0e8a651d-6b4e-4382-a64e-bc60245fffaf","01R2PLKJHGWAXSJBZ66VEL7UM74XA76KHI":"/Inschrijvingen/Amsterdam.xlsx","01R2PLKJGUTDYUMB72VFF2XQC3OWNZKW6S":"/Inschrijvingen/Den Haag.xlsx"},"type":"OpenApiConnection","inputs":{"parameters":{"source":"me","drive":"b!CqinCZ0XvkCPozcqtWpVzu00s6B_W_RPjCDktczh-G5XG3TfEOcqRb1QR4mfZbTX","file":"01R2PLKJGUTDYUMB72VFF2XQC3OWNZKW6S","table":"Softbal","dateTimeFormat":"ISO 8601","item/Voornaam":"@triggerBody()?['firstName']","item/Tussenvoegels":"@triggerBody()?['middleName']","item/Achternaam":"@triggerBody()?['lastName']","item/Adres_thuis":"@{triggerBody()?['homeStreet']} @{triggerBody()?['homeNumber']}","item/Postcode_thuis":"@triggerBody()?['homePostal']","item/Woonplaats_thuis":"@triggerBody()?['homeCity']","item/Telefoonnummer ouders":"@triggerBody()?['parentPhone']","item/Telefoonnummer kind":"@triggerBody()?['playerPhone']","item/Email":"@triggerBody()?['parentEmail']","item/School":"@triggerBody()?['schoolName']","item/Adres_school":"@{triggerBody()?['schoolStreet']} @{triggerBody()?['schoolNumber']}","item/Postcode_school":"@triggerBody()?['schoolPostal']","item/Plaats_school":"@triggerBody()?['schoolCity']","item/Club":"@triggerBody()?['club']","item/Team":"@triggerBody()?['team']","item/Regio thuis":"@triggerBody()?['homeRegion']","item/Regio School":"@triggerBody()?['schoolRegion']","item/Leeftijd":"@triggerBody()?['leeftijd']","item/Geboortemaand":"@triggerBody()?['month']","item/Geboortejaar":"@triggerBody()?['year']","item/Geboortedatum":"@triggerBody()?['birthDate']","item/Geslacht":"@triggerBody()?['gender']","item/Honk~1Soft":"@triggerBody()?['sport']","item/League":"@triggerBody()?['league']","item/LL Leeftijd":"@triggerBody()?['age']","item/AVG":"@triggerBody()?['gdprConsent']","item/created_at":"@utcNow()"},"host":{"apiId":"/providers/Microsoft.PowerApps/apis/shared_excelonlinebusiness","connectionName":"shared_excelonlinebusiness","operationId":"AddRowV2"},"authentication":"@parameters('$authentication')"}}}},"expression":{"and":[{"equals":["@triggerBody()?['sport']","Baseball"]}]},"metadata":{"operationMetadataId":"b1f2bf2e-d385-4971-9aaf-3e55dce3d1a3"},"type":"If"}}},"Brabant__/_Zeeland":{"case":"Brabant / Zeeland","actions":{"Voorwaarde__B_Z":{"actions":{"Een_rij_toevoegen_aan_een_tabel-_Baseball_-_Brabant_Zeeland":{"metadata":{"01R2PLKJH66LWFYBUZBNAJMZWCXKN6S34X":"/Inschrijvingen 2024/TST -inschrijving.xlsx","tableId":"Baseball","operationMetadataId":"0e8a651d-6b4e-4382-a64e-bc60245fffaf","01R2PLKJHGWAXSJBZ66VEL7UM74XA76KHI":"/Inschrijvingen/Amsterdam.xlsx","01R2PLKJGUTDYUMB72VFF2XQC3OWNZKW6S":"/Inschrijvingen/Den Haag.xlsx","01R2PLKJFDCE6SADT4GRBZPKBEF4556KKU":"/Inschrijvingen/Brabant - Zeeland.xlsx"},"type":"OpenApiConnection","inputs":{"parameters":{"source":"me","drive":"b!CqinCZ0XvkCPozcqtWpVzu00s6B_W_RPjCDktczh-G5XG3TfEOcqRb1QR4mfZbTX","file":"01R2PLKJFDCE6SADT4GRBZPKBEF4556KKU","table":"Baseball","dateTimeFormat":"ISO 8601","item/Voornaam":"@triggerBody()?['firstName']","item/Tussenvoegels":"@triggerBody()?['middleName']","item/Achternaam":"@triggerBody()?['lastName']","item/Adres_thuis":"@{triggerBody()?['homeStreet']} @{triggerBody()?['homeNumber']}","item/Postcode_thuis":"@triggerBody()?['homePostal']","item/Woonplaats_thuis":"@triggerBody()?['homeCity']","item/Telefoonnummer ouders":"@triggerBody()?['parentPhone']","item/Telefoonnummer kind":"@triggerBody()?['playerPhone']","item/Email":"@triggerBody()?['parentEmail']","item/School":"@triggerBody()?['schoolName']","item/Adres_school":"@{triggerBody()?['schoolStreet']} @{triggerBody()?['schoolNumber']}","item/Postcode_school":"@triggerBody()?['schoolPostal']","item/Plaats_school":"@triggerBody()?['homeCity']","item/Club":"@triggerBody()?['club']","item/Team":"@triggerBody()?['team']","item/Regio thuis":"@triggerBody()?['homeRegion']","item/Regio School":"@triggerBody()?['schoolRegion']","item/Leeftijd":"@triggerBody()?['leeftijd']","item/Geboortemaand":"@triggerBody()?['month']","item/Geboortejaar":"@triggerBody()?['year']","item/Geboortedatum":"@triggerBody()?['birthDate']","item/Geslacht":"@triggerBody()?['gender']","item/Honk~1Soft":"@triggerBody()?['sport']","item/League":"@triggerBody()?['league']","item/LL Leeftijd":"@triggerBody()?['age']","item/AVG":"@triggerBody()?['gdprConsent']","item/created_at":"@utcNow()"},"host":{"apiId":"/providers/Microsoft.PowerApps/apis/shared_excelonlinebusiness","connectionName":"shared_excelonlinebusiness","operationId":"AddRowV2"},"authentication":"@parameters('$authentication')"}}},"else":{"actions":{"Een_rij_toevoegen_aan_een_tabel-_Softball_-_Brabant_Zeeland":{"metadata":{"01R2PLKJH66LWFYBUZBNAJMZWCXKN6S34X":"/Inschrijvingen 2024/TST -inschrijving.xlsx","tableId":"Softbal","operationMetadataId":"0e8a651d-6b4e-4382-a64e-bc60245fffaf","01R2PLKJHGWAXSJBZ66VEL7UM74XA76KHI":"/Inschrijvingen/Amsterdam.xlsx","01R2PLKJGUTDYUMB72VFF2XQC3OWNZKW6S":"/Inschrijvingen/Den Haag.xlsx","01R2PLKJFDCE6SADT4GRBZPKBEF4556KKU":"/Inschrijvingen/Brabant - Zeeland.xlsx"},"type":"OpenApiConnection","inputs":{"parameters":{"source":"me","drive":"b!CqinCZ0XvkCPozcqtWpVzu00s6B_W_RPjCDktczh-G5XG3TfEOcqRb1QR4mfZbTX","file":"01R2PLKJFDCE6SADT4GRBZPKBEF4556KKU","table":"Softbal","dateTimeFormat":"ISO 8601","item/Voornaam":"@triggerBody()?['firstName']","item/Tussenvoegels":"@triggerBody()?['middleName']","item/Achternaam":"@triggerBody()?['lastName']","item/Adres_thuis":"@{triggerBody()?['homeStreet']} @{triggerBody()?['homeNumber']}","item/Postcode_thuis":"@triggerBody()?['homePostal']","item/Woonplaats_thuis":"@triggerBody()?['homeCity']","item/Telefoonnummer ouders":"@triggerBody()?['parentPhone']","item/Telefoonnummer kind":"@triggerBody()?['playerPhone']","item/Email":"@triggerBody()?['parentEmail']","item/School":"@triggerBody()?['schoolName']","item/Adres_school":"@{triggerBody()?['schoolStreet']} @{triggerBody()?['schoolNumber']}","item/Postcode_school":"@triggerBody()?['schoolPostal']","item/Plaats_school":"@triggerBody()?['schoolCity']","item/Club":"@triggerBody()?['club']","item/Team":"@triggerBody()?['team']","item/Regio thuis":"@triggerBody()?['homeRegion']","item/Regio School":"@triggerBody()?['schoolRegion']","item/Leeftijd":"@triggerBody()?['leeftijd']","item/Geboortemaand":"@triggerBody()?['month']","item/Geboortejaar":"@triggerBody()?['year']","item/Geboortedatum":"@triggerBody()?['birthDate']","item/Geslacht":"@triggerBody()?['gender']","item/Honk~1Soft":"@triggerBody()?['sport']","item/League":"@triggerBody()?['league']","item/LL Leeftijd":"@triggerBody()?['age']","item/AVG":"@triggerBody()?['gdprConsent']","item/created_at":"@utcNow()"},"host":{"apiId":"/providers/Microsoft.PowerApps/apis/shared_excelonlinebusiness","connectionName":"shared_excelonlinebusiness","operationId":"AddRowV2"},"authentication":"@parameters('$authentication')"}}}},"expression":{"and":[{"equals":["@triggerBody()?['sport']","Baseball"]}]},"metadata":{"operationMetadataId":"97535f42-29d0-41de-a5f8-2b8301a2f50f"},"type":"If"}}},"Haarlem":{"case":"Haarlem","actions":{"Voorwaarde-_Haarlem":{"actions":{"Een_rij_toevoegen_aan_een_tabel-_Baseball_-_Haarlem":{"metadata":{"01R2PLKJH66LWFYBUZBNAJMZWCXKN6S34X":"/Inschrijvingen 2024/TST -inschrijving.xlsx","tableId":"Baseball","operationMetadataId":"0e8a651d-6b4e-4382-a64e-bc60245fffaf","01R2PLKJHGWAXSJBZ66VEL7UM74XA76KHI":"/Inschrijvingen/Amsterdam.xlsx","01R2PLKJGUTDYUMB72VFF2XQC3OWNZKW6S":"/Inschrijvingen/Den Haag.xlsx","01R2PLKJFDCE6SADT4GRBZPKBEF4556KKU":"/Inschrijvingen/Brabant - Zeeland.xlsx","01R2PLKJDEJIE3IOE42ZAJHKDNDXWEWHEG":"/Inschrijvingen/Haarlem.xlsx"},"type":"OpenApiConnection","inputs":{"parameters":{"source":"me","drive":"b!CqinCZ0XvkCPozcqtWpVzu00s6B_W_RPjCDktczh-G5XG3TfEOcqRb1QR4mfZbTX","file":"01R2PLKJDEJIE3IOE42ZAJHKDNDXWEWHEG","table":"Baseball","dateTimeFormat":"ISO 8601","item/Voornaam":"@triggerBody()?['firstName']","item/Tussenvoegels":"@triggerBody()?['middleName']","item/Achternaam":"@triggerBody()?['lastName']","item/Adres_thuis":"@{triggerBody()?['homeStreet']} @{triggerBody()?['homeNumber']}","item/Postcode_thuis":"@triggerBody()?['homePostal']","item/Woonplaats_thuis":"@triggerBody()?['homeCity']","item/Telefoonnummer ouders":"@triggerBody()?['parentPhone']","item/Telefoonnummer kind":"@triggerBody()?['playerPhone']","item/Email":"@triggerBody()?['parentEmail']","item/School":"@triggerBody()?['schoolName']","item/Adres_school":"@{triggerBody()?['schoolStreet']} @{triggerBody()?['schoolNumber']}","item/Postcode_school":"@triggerBody()?['schoolPostal']","item/Plaats_school":"@triggerBody()?['homeCity']","item/Club":"@triggerBody()?['club']","item/Team":"@triggerBody()?['team']","item/Regio thuis":"@triggerBody()?['homeRegion']","item/Regio School":"@triggerBody()?['schoolRegion']","item/Leeftijd":"@triggerBody()?['leeftijd']","item/Geboortemaand":"@triggerBody()?['month']","item/Geboortejaar":"@triggerBody()?['year']","item/Geboortedatum":"@triggerBody()?['birthDate']","item/Geslacht":"@triggerBody()?['gender']","item/Honk~1Soft":"@triggerBody()?['sport']","item/League":"@triggerBody()?['league']","item/LL Leeftijd":"@triggerBody()?['age']","item/AVG":"@triggerBody()?['gdprConsent']","item/created_at":"@utcNow()"},"host":{"apiId":"/providers/Microsoft.PowerApps/apis/shared_excelonlinebusiness","connectionName":"shared_excelonlinebusiness","operationId":"AddRowV2"},"authentication":"@parameters('$authentication')"}}},"else":{"actions":{"Een_rij_toevoegen_aan_een_tabel-_Softball_-_Haarlem":{"metadata":{"01R2PLKJH66LWFYBUZBNAJMZWCXKN6S34X":"/Inschrijvingen 2024/TST -inschrijving.xlsx","tableId":"Softbal","operationMetadataId":"0e8a651d-6b4e-4382-a64e-bc60245fffaf","01R2PLKJHGWAXSJBZ66VEL7UM74XA76KHI":"/Inschrijvingen/Amsterdam.xlsx","01R2PLKJGUTDYUMB72VFF2XQC3OWNZKW6S":"/Inschrijvingen/Den Haag.xlsx","01R2PLKJFDCE6SADT4GRBZPKBEF4556KKU":"/Inschrijvingen/Brabant - Zeeland.xlsx","01R2PLKJDEJIE3IOE42ZAJHKDNDXWEWHEG":"/Inschrijvingen/Haarlem.xlsx"},"type":"OpenApiConnection","inputs":{"parameters":{"source":"me","drive":"b!CqinCZ0XvkCPozcqtWpVzu00s6B_W_RPjCDktczh-G5XG3TfEOcqRb1QR4mfZbTX","file":"01R2PLKJDEJIE3IOE42ZAJHKDNDXWEWHEG","table":"Softbal","dateTimeFormat":"ISO 8601","item/Voornaam":"@triggerBody()?['firstName']","item/Tussenvoegels":"@triggerBody()?['middleName']","item/Achternaam":"@triggerBody()?['lastName']","item/Adres_thuis":"@{triggerBody()?['homeStreet']} @{triggerBody()?['homeNumber']}","item/Postcode_thuis":"@triggerBody()?['homePostal']","item/Woonplaats_thuis":"@triggerBody()?['homeCity']","item/Telefoonnummer ouders":"@triggerBody()?['parentPhone']","item/Telefoonnummer kind":"@triggerBody()?['playerPhone']","item/Email":"@triggerBody()?['parentEmail']","item/School":"@triggerBody()?['schoolName']","item/Adres_school":"@{triggerBody()?['schoolStreet']} @{triggerBody()?['schoolNumber']}","item/Postcode_school":"@triggerBody()?['schoolPostal']","item/Plaats_school":"@triggerBody()?['schoolCity']","item/Club":"@triggerBody()?['club']","item/Team":"@triggerBody()?['team']","item/Regio thuis":"@triggerBody()?['homeRegion']","item/Regio School":"@triggerBody()?['schoolRegion']","item/Leeftijd":"@triggerBody()?['leeftijd']","item/Geboortemaand":"@triggerBody()?['month']","item/Geboortejaar":"@triggerBody()?['year']","item/Geboortedatum":"@triggerBody()?['birthDate']","item/Geslacht":"@triggerBody()?['gender']","item/Honk~1Soft":"@triggerBody()?['sport']","item/League":"@triggerBody()?['league']","item/LL Leeftijd":"@triggerBody()?['age']","item/AVG":"@triggerBody()?['gdprConsent']","item/created_at":"@utcNow()"},"host":{"apiId":"/providers/Microsoft.PowerApps/apis/shared_excelonlinebusiness","connectionName":"shared_excelonlinebusiness","operationId":"AddRowV2"},"authentication":"@parameters('$authentication')"}}}},"expression":{"and":[{"equals":["@triggerBody()?['sport']","Baseball"]}]},"metadata":{"operationMetadataId":"3a420d05-537d-4363-a9d4-b6d476bab191"},"type":"If"}}},"Midden_Nederland":{"case":"Midden Nederland","actions":{"Voorwaarde-_Midden_Nederland":{"actions":{"Een_rij_toevoegen_aan_een_tabel-_Baseball_-_Midden_Nederland":{"metadata":{"01R2PLKJH66LWFYBUZBNAJMZWCXKN6S34X":"/Inschrijvingen 2024/TST -inschrijving.xlsx","tableId":"Baseball","operationMetadataId":"0e8a651d-6b4e-4382-a64e-bc60245fffaf","01R2PLKJHGWAXSJBZ66VEL7UM74XA76KHI":"/Inschrijvingen/Amsterdam.xlsx","01R2PLKJGUTDYUMB72VFF2XQC3OWNZKW6S":"/Inschrijvingen/Den Haag.xlsx","01R2PLKJFDCE6SADT4GRBZPKBEF4556KKU":"/Inschrijvingen/Brabant - Zeeland.xlsx","01R2PLKJDEJIE3IOE42ZAJHKDNDXWEWHEG":"/Inschrijvingen/Haarlem.xlsx","01R2PLKJBP4LUYOWO6J5CJ4MLUTR2WPDZO":"/Inschrijvingen/Midden - Nederland.xlsx"},"type":"OpenApiConnection","inputs":{"parameters":{"source":"me","drive":"b!CqinCZ0XvkCPozcqtWpVzu00s6B_W_RPjCDktczh-G5XG3TfEOcqRb1QR4mfZbTX","file":"01R2PLKJBP4LUYOWO6J5CJ4MLUTR2WPDZO","table":"Baseball","dateTimeFormat":"ISO 8601","item/Voornaam":"@triggerBody()?['firstName']","item/Tussenvoegels":"@triggerBody()?['middleName']","item/Achternaam":"@triggerBody()?['lastName']","item/Adres_thuis":"@{triggerBody()?['homeStreet']} @{triggerBody()?['homeNumber']}","item/Postcode_thuis":"@triggerBody()?['homePostal']","item/Woonplaats_thuis":"@triggerBody()?['homeCity']","item/Telefoonnummer ouders":"@triggerBody()?['parentPhone']","item/Telefoonnummer kind":"@triggerBody()?['playerPhone']","item/Email":"@triggerBody()?['parentEmail']","item/School":"@triggerBody()?['schoolName']","item/Adres_school":"@{triggerBody()?['schoolStreet']} @{triggerBody()?['schoolNumber']}","item/Postcode_school":"@triggerBody()?['schoolPostal']","item/Plaats_school":"@triggerBody()?['homeCity']","item/Club":"@triggerBody()?['club']","item/Team":"@triggerBody()?['team']","item/Regio thuis":"@triggerBody()?['homeRegion']","item/Regio School":"@triggerBody()?['schoolRegion']","item/Leeftijd":"@triggerBody()?['leeftijd']","item/Geboortemaand":"@triggerBody()?['month']","item/Geboortejaar":"@triggerBody()?['year']","item/Geboortedatum":"@triggerBody()?['birthDate']","item/Geslacht":"@triggerBody()?['gender']","item/Honk~1Soft":"@triggerBody()?['sport']","item/League":"@triggerBody()?['league']","item/LL Leeftijd":"@triggerBody()?['age']","item/AVG":"@triggerBody()?['gdprConsent']","item/created_at":"@utcNow()"},"host":{"apiId":"/providers/Microsoft.PowerApps/apis/shared_excelonlinebusiness","connectionName":"shared_excelonlinebusiness","operationId":"AddRowV2"},"authentication":"@parameters('$authentication')"}}},"else":{"actions":{"Een_rij_toevoegen_aan_een_tabel-_Softball_-_Midden_Nederland":{"metadata":{"01R2PLKJH66LWFYBUZBNAJMZWCXKN6S34X":"/Inschrijvingen 2024/TST -inschrijving.xlsx","tableId":"Softbal","operationMetadataId":"0e8a651d-6b4e-4382-a64e-bc60245fffaf","01R2PLKJHGWAXSJBZ66VEL7UM74XA76KHI":"/Inschrijvingen/Amsterdam.xlsx","01R2PLKJGUTDYUMB72VFF2XQC3OWNZKW6S":"/Inschrijvingen/Den Haag.xlsx","01R2PLKJFDCE6SADT4GRBZPKBEF4556KKU":"/Inschrijvingen/Brabant - Zeeland.xlsx","01R2PLKJDEJIE3IOE42ZAJHKDNDXWEWHEG":"/Inschrijvingen/Haarlem.xlsx","01R2PLKJBP4LUYOWO6J5CJ4MLUTR2WPDZO":"/Inschrijvingen/Midden - Nederland.xlsx"},"type":"OpenApiConnection","inputs":{"parameters":{"source":"me","drive":"b!CqinCZ0XvkCPozcqtWpVzu00s6B_W_RPjCDktczh-G5XG3TfEOcqRb1QR4mfZbTX","file":"01R2PLKJBP4LUYOWO6J5CJ4MLUTR2WPDZO","table":"Softbal","dateTimeFormat":"ISO 8601","item/Voornaam":"@triggerBody()?['firstName']","item/Tussenvoegels":"@triggerBody()?['middleName']","item/Achternaam":"@triggerBody()?['lastName']","item/Adres_thuis":"@{triggerBody()?['homeStreet']} @{triggerBody()?['homeNumber']}","item/Postcode_thuis":"@triggerBody()?['homePostal']","item/Woonplaats_thuis":"@triggerBody()?['homeCity']","item/Telefoonnummer ouders":"@triggerBody()?['parentPhone']","item/Telefoonnummer kind":"@triggerBody()?['playerPhone']","item/Email":"@triggerBody()?['parentEmail']","item/School":"@triggerBody()?['schoolName']","item/Adres_school":"@{triggerBody()?['schoolStreet']} @{triggerBody()?['schoolNumber']}","item/Postcode_school":"@triggerBody()?['schoolPostal']","item/Plaats_school":"@triggerBody()?['schoolCity']","item/Club":"@triggerBody()?['club']","item/Team":"@triggerBody()?['team']","item/Regio thuis":"@triggerBody()?['homeRegion']","item/Regio School":"@triggerBody()?['schoolRegion']","item/Leeftijd":"@triggerBody()?['leeftijd']","item/Geboortemaand":"@triggerBody()?['month']","item/Geboortejaar":"@triggerBody()?['year']","item/Geboortedatum":"@triggerBody()?['birthDate']","item/Geslacht":"@triggerBody()?['gender']","item/Honk~1Soft":"@triggerBody()?['sport']","item/League":"@triggerBody()?['league']","item/LL Leeftijd":"@triggerBody()?['age']","item/AVG":"@triggerBody()?['gdprConsent']","item/created_at":"@utcNow()"},"host":{"apiId":"/providers/Microsoft.PowerApps/apis/shared_excelonlinebusiness","connectionName":"shared_excelonlinebusiness","operationId":"AddRowV2"},"authentication":"@parameters('$authentication')"}}}},"expression":{"and":[{"equals":["@triggerBody()?['sport']","Baseball"]}]},"metadata":{"operationMetadataId":"6faeda64-b3f2-4a6f-b347-96416a29e1cd"},"type":"If"}}},"Noord-Holland":{"case":"Noord-Holland","actions":{"Voorwaarde-Noord-Holland":{"actions":{"Een_rij_toevoegen_aan_een_tabel-_Baseball_-_Noord_Holland":{"metadata":{"01R2PLKJH66LWFYBUZBNAJMZWCXKN6S34X":"/Inschrijvingen 2024/TST -inschrijving.xlsx","tableId":"Baseball","operationMetadataId":"0e8a651d-6b4e-4382-a64e-bc60245fffaf","01R2PLKJHGWAXSJBZ66VEL7UM74XA76KHI":"/Inschrijvingen/Amsterdam.xlsx","01R2PLKJGUTDYUMB72VFF2XQC3OWNZKW6S":"/Inschrijvingen/Den Haag.xlsx","01R2PLKJFDCE6SADT4GRBZPKBEF4556KKU":"/Inschrijvingen/Brabant - Zeeland.xlsx","01R2PLKJDEJIE3IOE42ZAJHKDNDXWEWHEG":"/Inschrijvingen/Haarlem.xlsx","01R2PLKJBP4LUYOWO6J5CJ4MLUTR2WPDZO":"/Inschrijvingen/Midden - Nederland.xlsx","01R2PLKJBUHO4G2UEBAVFYN63PL2YEX3XL":"/Inschrijvingen/Noord Holland.xlsx"},"type":"OpenApiConnection","inputs":{"parameters":{"source":"me","drive":"b!CqinCZ0XvkCPozcqtWpVzu00s6B_W_RPjCDktczh-G5XG3TfEOcqRb1QR4mfZbTX","file":"01R2PLKJBUHO4G2UEBAVFYN63PL2YEX3XL","table":"Baseball","dateTimeFormat":"ISO 8601","item/Voornaam":"@triggerBody()?['firstName']","item/Tussenvoegels":"@triggerBody()?['middleName']","item/Achternaam":"@triggerBody()?['lastName']","item/Adres_thuis":"@{triggerBody()?['homeStreet']} @{triggerBody()?['homeNumber']}","item/Postcode_thuis":"@triggerBody()?['homePostal']","item/Woonplaats_thuis":"@triggerBody()?['homeCity']","item/Telefoonnummer ouders":"@triggerBody()?['parentPhone']","item/Telefoonnummer kind":"@triggerBody()?['playerPhone']","item/Email":"@triggerBody()?['parentEmail']","item/School":"@triggerBody()?['schoolName']","item/Adres_school":"@{triggerBody()?['schoolStreet']} @{triggerBody()?['schoolNumber']}","item/Postcode_school":"@triggerBody()?['schoolPostal']","item/Plaats_school":"@triggerBody()?['homeCity']","item/Club":"@triggerBody()?['club']","item/Team":"@triggerBody()?['team']","item/Regio thuis":"@triggerBody()?['homeRegion']","item/Regio School":"@triggerBody()?['schoolRegion']","item/Leeftijd":"@triggerBody()?['leeftijd']","item/Geboortemaand":"@triggerBody()?['month']","item/Geboortejaar":"@triggerBody()?['year']","item/Geboortedatum":"@triggerBody()?['birthDate']","item/Geslacht":"@triggerBody()?['gender']","item/Honk~1Soft":"@triggerBody()?['sport']","item/League":"@triggerBody()?['league']","item/LL Leeftijd":"@triggerBody()?['age']","item/AVG":"@triggerBody()?['gdprConsent']","item/created_at":"@utcNow()"},"host":{"apiId":"/providers/Microsoft.PowerApps/apis/shared_excelonlinebusiness","connectionName":"shared_excelonlinebusiness","operationId":"AddRowV2"},"authentication":"@parameters('$authentication')"}}},"else":{"actions":{"Een_rij_toevoegen_aan_een_tabel-_Softball_-_Noord-Holland":{"metadata":{"01R2PLKJH66LWFYBUZBNAJMZWCXKN6S34X":"/Inschrijvingen 2024/TST -inschrijving.xlsx","tableId":"Softbal","operationMetadataId":"0e8a651d-6b4e-4382-a64e-bc60245fffaf","01R2PLKJHGWAXSJBZ66VEL7UM74XA76KHI":"/Inschrijvingen/Amsterdam.xlsx","01R2PLKJGUTDYUMB72VFF2XQC3OWNZKW6S":"/Inschrijvingen/Den Haag.xlsx","01R2PLKJFDCE6SADT4GRBZPKBEF4556KKU":"/Inschrijvingen/Brabant - Zeeland.xlsx","01R2PLKJDEJIE3IOE42ZAJHKDNDXWEWHEG":"/Inschrijvingen/Haarlem.xlsx","01R2PLKJBP4LUYOWO6J5CJ4MLUTR2WPDZO":"/Inschrijvingen/Midden - Nederland.xlsx","01R2PLKJBUHO4G2UEBAVFYN63PL2YEX3XL":"/Inschrijvingen/Noord Holland.xlsx"},"type":"OpenApiConnection","inputs":{"parameters":{"source":"me","drive":"b!CqinCZ0XvkCPozcqtWpVzu00s6B_W_RPjCDktczh-G5XG3TfEOcqRb1QR4mfZbTX","file":"01R2PLKJBUHO4G2UEBAVFYN63PL2YEX3XL","table":"Softbal","dateTimeFormat":"ISO 8601","item/Voornaam":"@triggerBody()?['firstName']","item/Tussenvoegels":"@triggerBody()?['middleName']","item/Achternaam":"@triggerBody()?['lastName']","item/Adres_thuis":"@{triggerBody()?['homeStreet']} @{triggerBody()?['homeNumber']}","item/Postcode_thuis":"@triggerBody()?['homePostal']","item/Woonplaats_thuis":"@triggerBody()?['homeCity']","item/Telefoonnummer ouders":"@triggerBody()?['parentPhone']","item/Telefoonnummer kind":"@triggerBody()?['playerPhone']","item/Email":"@triggerBody()?['parentEmail']","item/School":"@triggerBody()?['schoolName']","item/Adres_school":"@{triggerBody()?['schoolStreet']} @{triggerBody()?['schoolNumber']}","item/Postcode_school":"@triggerBody()?['schoolPostal']","item/Plaats_school":"@triggerBody()?['schoolCity']","item/Club":"@triggerBody()?['club']","item/Team":"@triggerBody()?['team']","item/Regio thuis":"@triggerBody()?['homeRegion']","item/Regio School":"@triggerBody()?['schoolRegion']","item/Leeftijd":"@triggerBody()?['leeftijd']","item/Geboortemaand":"@triggerBody()?['month']","item/Geboortejaar":"@triggerBody()?['year']","item/Geboortedatum":"@triggerBody()?['birthDate']","item/Geslacht":"@triggerBody()?['gender']","item/Honk~1Soft":"@triggerBody()?['sport']","item/League":"@triggerBody()?['league']","item/LL Leeftijd":"@triggerBody()?['age']","item/AVG":"@triggerBody()?['gdprConsent']","item/created_at":"@utcNow()"},"host":{"apiId":"/providers/Microsoft.PowerApps/apis/shared_excelonlinebusiness","connectionName":"shared_excelonlinebusiness","operationId":"AddRowV2"},"authentication":"@parameters('$authentication')"}}}},"expression":{"and":[{"equals":["@triggerBody()?['sport']","Baseball"]}]},"metadata":{"operationMetadataId":"ab5260cf-dee4-43c4-af71-b87b3938e2b8"},"type":"If"}}},"Noord_Nederland":{"case":"Noord Nederland","actions":{"Voorwaarde-_Noord_Nederland":{"actions":{"Een_rij_toevoegen_aan_een_tabel-_Baseball_-_Noord_Nederland":{"metadata":{"01R2PLKJH66LWFYBUZBNAJMZWCXKN6S34X":"/Inschrijvingen 2024/TST -inschrijving.xlsx","tableId":"Baseball","operationMetadataId":"0e8a651d-6b4e-4382-a64e-bc60245fffaf","01R2PLKJHGWAXSJBZ66VEL7UM74XA76KHI":"/Inschrijvingen/Amsterdam.xlsx","01R2PLKJGUTDYUMB72VFF2XQC3OWNZKW6S":"/Inschrijvingen/Den Haag.xlsx","01R2PLKJFDCE6SADT4GRBZPKBEF4556KKU":"/Inschrijvingen/Brabant - Zeeland.xlsx","01R2PLKJDEJIE3IOE42ZAJHKDNDXWEWHEG":"/Inschrijvingen/Haarlem.xlsx","01R2PLKJBP4LUYOWO6J5CJ4MLUTR2WPDZO":"/Inschrijvingen/Midden - Nederland.xlsx","01R2PLKJBUHO4G2UEBAVFYN63PL2YEX3XL":"/Inschrijvingen/Noord Holland.xlsx","01R2PLKJDQQRMTCKB4DBCYGGUZ3G7ZFNUB":"/Inschrijvingen/Noord.xlsx"},"type":"OpenApiConnection","inputs":{"parameters":{"source":"me","drive":"b!CqinCZ0XvkCPozcqtWpVzu00s6B_W_RPjCDktczh-G5XG3TfEOcqRb1QR4mfZbTX","file":"01R2PLKJDQQRMTCKB4DBCYGGUZ3G7ZFNUB","table":"Baseball","dateTimeFormat":"ISO 8601","item/Voornaam":"@triggerBody()?['firstName']","item/Tussenvoegels":"@triggerBody()?['middleName']","item/Achternaam":"@triggerBody()?['lastName']","item/Adres_thuis":"@{triggerBody()?['homeStreet']} @{triggerBody()?['homeNumber']}","item/Postcode_thuis":"@triggerBody()?['homePostal']","item/Woonplaats_thuis":"@triggerBody()?['homeCity']","item/Telefoonnummer ouders":"@triggerBody()?['parentPhone']","item/Telefoonnummer kind":"@triggerBody()?['playerPhone']","item/Email":"@triggerBody()?['parentEmail']","item/School":"@triggerBody()?['schoolName']","item/Adres_school":"@{triggerBody()?['schoolStreet']} @{triggerBody()?['schoolNumber']}","item/Postcode_school":"@triggerBody()?['schoolPostal']","item/Plaats_school":"@triggerBody()?['homeCity']","item/Club":"@triggerBody()?['club']","item/Team":"@triggerBody()?['team']","item/Regio thuis":"@triggerBody()?['homeRegion']","item/Regio School":"@triggerBody()?['schoolRegion']","item/Leeftijd":"@triggerBody()?['leeftijd']","item/Geboortemaand":"@triggerBody()?['month']","item/Geboortejaar":"@triggerBody()?['year']","item/Geboortedatum":"@triggerBody()?['birthDate']","item/Geslacht":"@triggerBody()?['gender']","item/Honk~1Soft":"@triggerBody()?['sport']","item/League":"@triggerBody()?['league']","item/LL Leeftijd":"@triggerBody()?['age']","item/AVG":"@triggerBody()?['gdprConsent']","item/created_at":"@utcNow()"},"host":{"apiId":"/providers/Microsoft.PowerApps/apis/shared_excelonlinebusiness","connectionName":"shared_excelonlinebusiness","operationId":"AddRowV2"},"authentication":"@parameters('$authentication')"}}},"else":{"actions":{"Een_rij_toevoegen_aan_een_tabel-_Softball_-_Noord-Nederland":{"metadata":{"01R2PLKJH66LWFYBUZBNAJMZWCXKN6S34X":"/Inschrijvingen 2024/TST -inschrijving.xlsx","tableId":"Softbal","operationMetadataId":"0e8a651d-6b4e-4382-a64e-bc60245fffaf","01R2PLKJHGWAXSJBZ66VEL7UM74XA76KHI":"/Inschrijvingen/Amsterdam.xlsx","01R2PLKJGUTDYUMB72VFF2XQC3OWNZKW6S":"/Inschrijvingen/Den Haag.xlsx","01R2PLKJFDCE6SADT4GRBZPKBEF4556KKU":"/Inschrijvingen/Brabant - Zeeland.xlsx","01R2PLKJDEJIE3IOE42ZAJHKDNDXWEWHEG":"/Inschrijvingen/Haarlem.xlsx","01R2PLKJBP4LUYOWO6J5CJ4MLUTR2WPDZO":"/Inschrijvingen/Midden - Nederland.xlsx","01R2PLKJBUHO4G2UEBAVFYN63PL2YEX3XL":"/Inschrijvingen/Noord Holland.xlsx","01R2PLKJDQQRMTCKB4DBCYGGUZ3G7ZFNUB":"/Inschrijvingen/Noord.xlsx"},"type":"OpenApiConnection","inputs":{"parameters":{"source":"me","drive":"b!CqinCZ0XvkCPozcqtWpVzu00s6B_W_RPjCDktczh-G5XG3TfEOcqRb1QR4mfZbTX","file":"01R2PLKJDQQRMTCKB4DBCYGGUZ3G7ZFNUB","table":"Softbal","dateTimeFormat":"ISO 8601","item/Voornaam":"@triggerBody()?['firstName']","item/Tussenvoegels":"@triggerBody()?['middleName']","item/Achternaam":"@triggerBody()?['lastName']","item/Adres_thuis":"@{triggerBody()?['homeStreet']} @{triggerBody()?['homeNumber']}","item/Postcode_thuis":"@triggerBody()?['homePostal']","item/Woonplaats_thuis":"@triggerBody()?['homeCity']","item/Telefoonnummer ouders":"@triggerBody()?['parentPhone']","item/Telefoonnummer kind":"@triggerBody()?['playerPhone']","item/Email":"@triggerBody()?['parentEmail']","item/School":"@triggerBody()?['schoolName']","item/Adres_school":"@{triggerBody()?['schoolStreet']} @{triggerBody()?['schoolNumber']}","item/Postcode_school":"@triggerBody()?['schoolPostal']","item/Plaats_school":"@triggerBody()?['schoolCity']","item/Club":"@triggerBody()?['club']","item/Team":"@triggerBody()?['team']","item/Regio thuis":"@triggerBody()?['homeRegion']","item/Regio School":"@triggerBody()?['schoolRegion']","item/Leeftijd":"@triggerBody()?['leeftijd']","item/Geboortemaand":"@triggerBody()?['month']","item/Geboortejaar":"@triggerBody()?['year']","item/Geboortedatum":"@triggerBody()?['birthDate']","item/Geslacht":"@triggerBody()?['gender']","item/Honk~1Soft":"@triggerBody()?['sport']","item/League":"@triggerBody()?['league']","item/LL Leeftijd":"@triggerBody()?['age']","item/AVG":"@triggerBody()?['gdprConsent']","item/created_at":"@utcNow()"},"host":{"apiId":"/providers/Microsoft.PowerApps/apis/shared_excelonlinebusiness","connectionName":"shared_excelonlinebusiness","operationId":"AddRowV2"},"authentication":"@parameters('$authentication')"}}}},"expression":{"and":[{"equals":["@triggerBody()?['sport']","Baseball"]}]},"metadata":{"operationMetadataId":"9235f961-706e-436d-a947-e8e0c7b51f11"},"type":"If"}}},"Oost_Nederland":{"case":"Oost Nederland","actions":{"Voorwaarde-Oost_Nederland":{"actions":{"Een_rij_toevoegen_aan_een_tabel-_Baseball_-_Oost_Nederland":{"metadata":{"01R2PLKJH66LWFYBUZBNAJMZWCXKN6S34X":"/Inschrijvingen 2024/TST -inschrijving.xlsx","tableId":"Baseball","operationMetadataId":"0e8a651d-6b4e-4382-a64e-bc60245fffaf","01R2PLKJHGWAXSJBZ66VEL7UM74XA76KHI":"/Inschrijvingen/Amsterdam.xlsx","01R2PLKJGUTDYUMB72VFF2XQC3OWNZKW6S":"/Inschrijvingen/Den Haag.xlsx","01R2PLKJFDCE6SADT4GRBZPKBEF4556KKU":"/Inschrijvingen/Brabant - Zeeland.xlsx","01R2PLKJDEJIE3IOE42ZAJHKDNDXWEWHEG":"/Inschrijvingen/Haarlem.xlsx","01R2PLKJBP4LUYOWO6J5CJ4MLUTR2WPDZO":"/Inschrijvingen/Midden - Nederland.xlsx","01R2PLKJBUHO4G2UEBAVFYN63PL2YEX3XL":"/Inschrijvingen/Noord Holland.xlsx","01R2PLKJDQQRMTCKB4DBCYGGUZ3G7ZFNUB":"/Inschrijvingen/Noord.xlsx","01R2PLKJHMKTDMSIYSSBHZDLZK57X335VQ":"/Inschrijvingen/Oost.xlsx"},"type":"OpenApiConnection","inputs":{"parameters":{"source":"me","drive":"b!CqinCZ0XvkCPozcqtWpVzu00s6B_W_RPjCDktczh-G5XG3TfEOcqRb1QR4mfZbTX","file":"01R2PLKJHMKTDMSIYSSBHZDLZK57X335VQ","table":"Baseball","dateTimeFormat":"ISO 8601","item/Voornaam":"@triggerBody()?['firstName']","item/Tussenvoegels":"@triggerBody()?['middleName']","item/Achternaam":"@triggerBody()?['lastName']","item/Adres_thuis":"@{triggerBody()?['homeStreet']} @{triggerBody()?['homeNumber']}","item/Postcode_thuis":"@triggerBody()?['homePostal']","item/Woonplaats_thuis":"@triggerBody()?['homeCity']","item/Telefoonnummer ouders":"@triggerBody()?['parentPhone']","item/Telefoonnummer kind":"@triggerBody()?['playerPhone']","item/Email":"@triggerBody()?['parentEmail']","item/School":"@triggerBody()?['schoolName']","item/Adres_school":"@{triggerBody()?['schoolStreet']} @{triggerBody()?['schoolNumber']}","item/Postcode_school":"@triggerBody()?['schoolPostal']","item/Plaats_school":"@triggerBody()?['homeCity']","item/Club":"@triggerBody()?['club']","item/Team":"@triggerBody()?['team']","item/Regio thuis":"@triggerBody()?['homeRegion']","item/Regio School":"@triggerBody()?['schoolRegion']","item/Leeftijd":"@triggerBody()?['leeftijd']","item/Geboortemaand":"@triggerBody()?['month']","item/Geboortejaar":"@triggerBody()?['year']","item/Geboortedatum":"@triggerBody()?['birthDate']","item/Geslacht":"@triggerBody()?['gender']","item/Honk~1Soft":"@triggerBody()?['sport']","item/League":"@triggerBody()?['league']","item/LL Leeftijd":"@triggerBody()?['age']","item/AVG":"@triggerBody()?['gdprConsent']","item/created_at":"@utcNow()"},"host":{"apiId":"/providers/Microsoft.PowerApps/apis/shared_excelonlinebusiness","connectionName":"shared_excelonlinebusiness","operationId":"AddRowV2"},"authentication":"@parameters('$authentication')"}}},"else":{"actions":{"Een_rij_toevoegen_aan_een_tabel-_Softball_-_Oost-Nederland_":{"metadata":{"01R2PLKJH66LWFYBUZBNAJMZWCXKN6S34X":"/Inschrijvingen 2024/TST -inschrijving.xlsx","tableId":"Softbal","operationMetadataId":"0e8a651d-6b4e-4382-a64e-bc60245fffaf","01R2PLKJHGWAXSJBZ66VEL7UM74XA76KHI":"/Inschrijvingen/Amsterdam.xlsx","01R2PLKJGUTDYUMB72VFF2XQC3OWNZKW6S":"/Inschrijvingen/Den Haag.xlsx","01R2PLKJFDCE6SADT4GRBZPKBEF4556KKU":"/Inschrijvingen/Brabant - Zeeland.xlsx","01R2PLKJDEJIE3IOE42ZAJHKDNDXWEWHEG":"/Inschrijvingen/Haarlem.xlsx","01R2PLKJBP4LUYOWO6J5CJ4MLUTR2WPDZO":"/Inschrijvingen/Midden - Nederland.xlsx","01R2PLKJBUHO4G2UEBAVFYN63PL2YEX3XL":"/Inschrijvingen/Noord Holland.xlsx","01R2PLKJDQQRMTCKB4DBCYGGUZ3G7ZFNUB":"/Inschrijvingen/Noord.xlsx","01R2PLKJHMKTDMSIYSSBHZDLZK57X335VQ":"/Inschrijvingen/Oost.xlsx"},"type":"OpenApiConnection","inputs":{"parameters":{"source":"me","drive":"b!CqinCZ0XvkCPozcqtWpVzu00s6B_W_RPjCDktczh-G5XG3TfEOcqRb1QR4mfZbTX","file":"01R2PLKJHMKTDMSIYSSBHZDLZK57X335VQ","table":"Softbal","dateTimeFormat":"ISO 8601","item/Voornaam":"@triggerBody()?['firstName']","item/Tussenvoegels":"@triggerBody()?['middleName']","item/Achternaam":"@triggerBody()?['lastName']","item/Adres_thuis":"@{triggerBody()?['homeStreet']} @{triggerBody()?['homeNumber']}","item/Postcode_thuis":"@triggerBody()?['homePostal']","item/Woonplaats_thuis":"@triggerBody()?['homeCity']","item/Telefoonnummer ouders":"@triggerBody()?['parentPhone']","item/Telefoonnummer kind":"@triggerBody()?['playerPhone']","item/Email":"@triggerBody()?['parentEmail']","item/School":"@triggerBody()?['schoolName']","item/Adres_school":"@{triggerBody()?['schoolStreet']} @{triggerBody()?['schoolNumber']}","item/Postcode_school":"@triggerBody()?['schoolPostal']","item/Plaats_school":"@triggerBody()?['schoolCity']","item/Club":"@triggerBody()?['club']","item/Team":"@triggerBody()?['team']","item/Regio thuis":"@triggerBody()?['homeRegion']","item/Regio School":"@triggerBody()?['schoolRegion']","item/Leeftijd":"@triggerBody()?['leeftijd']","item/Geboortemaand":"@triggerBody()?['month']","item/Geboortejaar":"@triggerBody()?['year']","item/Geboortedatum":"@triggerBody()?['birthDate']","item/Geslacht":"@triggerBody()?['gender']","item/Honk~1Soft":"@triggerBody()?['sport']","item/League":"@triggerBody()?['league']","item/LL Leeftijd":"@triggerBody()?['age']","item/AVG":"@triggerBody()?['gdprConsent']","item/created_at":"@utcNow()"},"host":{"apiId":"/providers/Microsoft.PowerApps/apis/shared_excelonlinebusiness","connectionName":"shared_excelonlinebusiness","operationId":"AddRowV2"},"authentication":"@parameters('$authentication')"}}}},"expression":{"and":[{"equals":["@triggerBody()?['sport']","Baseball"]}]},"metadata":{"operationMetadataId":"c6f1a92d-88d4-4a3a-a6ab-e49ec9ba7fa0"},"type":"If"}}},"Zuid_Nederland":{"case":"Zuid Nederland","actions":{"Voorwaarde-_Zuid_Nederland":{"actions":{"Een_rij_toevoegen_aan_een_tabel-_Baseball_-_Zuid_Nederland_":{"metadata":{"01R2PLKJH66LWFYBUZBNAJMZWCXKN6S34X":"/Inschrijvingen 2024/TST -inschrijving.xlsx","tableId":"Baseball","operationMetadataId":"0e8a651d-6b4e-4382-a64e-bc60245fffaf","01R2PLKJHGWAXSJBZ66VEL7UM74XA76KHI":"/Inschrijvingen/Amsterdam.xlsx","01R2PLKJGUTDYUMB72VFF2XQC3OWNZKW6S":"/Inschrijvingen/Den Haag.xlsx","01R2PLKJFDCE6SADT4GRBZPKBEF4556KKU":"/Inschrijvingen/Brabant - Zeeland.xlsx","01R2PLKJDEJIE3IOE42ZAJHKDNDXWEWHEG":"/Inschrijvingen/Haarlem.xlsx","01R2PLKJBP4LUYOWO6J5CJ4MLUTR2WPDZO":"/Inschrijvingen/Midden - Nederland.xlsx","01R2PLKJBUHO4G2UEBAVFYN63PL2YEX3XL":"/Inschrijvingen/Noord Holland.xlsx","01R2PLKJDQQRMTCKB4DBCYGGUZ3G7ZFNUB":"/Inschrijvingen/Noord.xlsx","01R2PLKJHMKTDMSIYSSBHZDLZK57X335VQ":"/Inschrijvingen/Oost.xlsx","01R2PLKJDUJHPRCWOS4NH33SBKXPDJJFVM":"/Inschrijvingen/Zuid Nederland.xlsx"},"type":"OpenApiConnection","inputs":{"parameters":{"source":"me","drive":"b!CqinCZ0XvkCPozcqtWpVzu00s6B_W_RPjCDktczh-G5XG3TfEOcqRb1QR4mfZbTX","file":"01R2PLKJDUJHPRCWOS4NH33SBKXPDJJFVM","table":"Baseball","dateTimeFormat":"ISO 8601","item/Voornaam":"@triggerBody()?['firstName']","item/Tussenvoegels":"@triggerBody()?['middleName']","item/Achternaam":"@triggerBody()?['lastName']","item/Adres_thuis":"@{triggerBody()?['homeStreet']} @{triggerBody()?['homeNumber']}","item/Postcode_thuis":"@triggerBody()?['homePostal']","item/Woonplaats_thuis":"@triggerBody()?['homeCity']","item/Telefoonnummer ouders":"@triggerBody()?['parentPhone']","item/Telefoonnummer kind":"@triggerBody()?['playerPhone']","item/Email":"@triggerBody()?['parentEmail']","item/School":"@triggerBody()?['schoolName']","item/Adres_school":"@{triggerBody()?['schoolStreet']} @{triggerBody()?['schoolNumber']}","item/Postcode_school":"@triggerBody()?['schoolPostal']","item/Plaats_school":"@triggerBody()?['homeCity']","item/Club":"@triggerBody()?['club']","item/Team":"@triggerBody()?['team']","item/Regio thuis":"@triggerBody()?['homeRegion']","item/Regio School":"@triggerBody()?['schoolRegion']","item/Leeftijd":"@triggerBody()?['leeftijd']","item/Geboortemaand":"@triggerBody()?['month']","item/Geboortejaar":"@triggerBody()?['year']","item/Geboortedatum":"@triggerBody()?['birthDate']","item/Geslacht":"@triggerBody()?['gender']","item/Honk~1Soft":"@triggerBody()?['sport']","item/League":"@triggerBody()?['league']","item/LL Leeftijd":"@triggerBody()?['age']","item/AVG":"@triggerBody()?['gdprConsent']","item/created_at":"@utcNow()"},"host":{"apiId":"/providers/Microsoft.PowerApps/apis/shared_excelonlinebusiness","connectionName":"shared_excelonlinebusiness","operationId":"AddRowV2"},"authentication":"@parameters('$authentication')"}}},"else":{"actions":{"Een_rij_toevoegen_aan_een_tabel-_Softball_-_Zuid-Nederland__":{"metadata":{"01R2PLKJH66LWFYBUZBNAJMZWCXKN6S34X":"/Inschrijvingen 2024/TST -inschrijving.xlsx","tableId":"Softbal","operationMetadataId":"0e8a651d-6b4e-4382-a64e-bc60245fffaf","01R2PLKJHGWAXSJBZ66VEL7UM74XA76KHI":"/Inschrijvingen/Amsterdam.xlsx","01R2PLKJGUTDYUMB72VFF2XQC3OWNZKW6S":"/Inschrijvingen/Den Haag.xlsx","01R2PLKJFDCE6SADT4GRBZPKBEF4556KKU":"/Inschrijvingen/Brabant - Zeeland.xlsx","01R2PLKJDEJIE3IOE42ZAJHKDNDXWEWHEG":"/Inschrijvingen/Haarlem.xlsx","01R2PLKJBP4LUYOWO6J5CJ4MLUTR2WPDZO":"/Inschrijvingen/Midden - Nederland.xlsx","01R2PLKJBUHO4G2UEBAVFYN63PL2YEX3XL":"/Inschrijvingen/Noord Holland.xlsx","01R2PLKJDQQRMTCKB4DBCYGGUZ3G7ZFNUB":"/Inschrijvingen/Noord.xlsx","01R2PLKJHMKTDMSIYSSBHZDLZK57X335VQ":"/Inschrijvingen/Oost.xlsx","01R2PLKJDUJHPRCWOS4NH33SBKXPDJJFVM":"/Inschrijvingen/Zuid Nederland.xlsx"},"type":"OpenApiConnection","inputs":{"parameters":{"source":"me","drive":"b!CqinCZ0XvkCPozcqtWpVzu00s6B_W_RPjCDktczh-G5XG3TfEOcqRb1QR4mfZbTX","file":"01R2PLKJDUJHPRCWOS4NH33SBKXPDJJFVM","table":"Softbal","dateTimeFormat":"ISO 8601","item/Voornaam":"@triggerBody()?['firstName']","item/Tussenvoegels":"@triggerBody()?['middleName']","item/Achternaam":"@triggerBody()?['lastName']","item/Adres_thuis":"@{triggerBody()?['homeStreet']} @{triggerBody()?['homeNumber']}","item/Postcode_thuis":"@triggerBody()?['homePostal']","item/Woonplaats_thuis":"@triggerBody()?['homeCity']","item/Telefoonnummer ouders":"@triggerBody()?['parentPhone']","item/Telefoonnummer kind":"@triggerBody()?['playerPhone']","item/Email":"@triggerBody()?['parentEmail']","item/School":"@triggerBody()?['schoolName']","item/Adres_school":"@{triggerBody()?['schoolStreet']} @{triggerBody()?['schoolNumber']}","item/Postcode_school":"@triggerBody()?['schoolPostal']","item/Plaats_school":"@triggerBody()?['schoolCity']","item/Club":"@triggerBody()?['club']","item/Team":"@triggerBody()?['team']","item/Regio thuis":"@triggerBody()?['homeRegion']","item/Regio School":"@triggerBody()?['schoolRegion']","item/Leeftijd":"@triggerBody()?['leeftijd']","item/Geboortemaand":"@triggerBody()?['month']","item/Geboortejaar":"@triggerBody()?['year']","item/Geboortedatum":"@triggerBody()?['birthDate']","item/Geslacht":"@triggerBody()?['gender']","item/Honk~1Soft":"@triggerBody()?['sport']","item/League":"@triggerBody()?['league']","item/LL Leeftijd":"@triggerBody()?['age']","item/AVG":"@triggerBody()?['gdprConsent']","item/created_at":"@utcNow()"},"host":{"apiId":"/providers/Microsoft.PowerApps/apis/shared_excelonlinebusiness","connectionName":"shared_excelonlinebusiness","operationId":"AddRowV2"},"authentication":"@parameters('$authentication')"}}}},"expression":{"and":[{"equals":["@triggerBody()?['sport']","Baseball"]}]},"metadata":{"operationMetadataId":"80e315a1-8944-4f1f-8a11-446773e92cc1"},"type":"If"}}},"Rotterdam":{"case":"Rotterdam","actions":{"Voorwaarde-__Rotterdam":{"actions":{"Een_rij_toevoegen_aan_een_tabel-_Baseball_-_Rotterdam":{"metadata":{"01R2PLKJH66LWFYBUZBNAJMZWCXKN6S34X":"/Inschrijvingen 2024/TST -inschrijving.xlsx","tableId":"Baseball","operationMetadataId":"0e8a651d-6b4e-4382-a64e-bc60245fffaf","01R2PLKJHGWAXSJBZ66VEL7UM74XA76KHI":"/Inschrijvingen/Amsterdam.xlsx","01R2PLKJGUTDYUMB72VFF2XQC3OWNZKW6S":"/Inschrijvingen/Den Haag.xlsx","01R2PLKJFDCE6SADT4GRBZPKBEF4556KKU":"/Inschrijvingen/Brabant - Zeeland.xlsx","01R2PLKJDEJIE3IOE42ZAJHKDNDXWEWHEG":"/Inschrijvingen/Haarlem.xlsx","01R2PLKJBP4LUYOWO6J5CJ4MLUTR2WPDZO":"/Inschrijvingen/Midden - Nederland.xlsx","01R2PLKJBUHO4G2UEBAVFYN63PL2YEX3XL":"/Inschrijvingen/Noord Holland.xlsx","01R2PLKJDQQRMTCKB4DBCYGGUZ3G7ZFNUB":"/Inschrijvingen/Noord.xlsx","01R2PLKJHMKTDMSIYSSBHZDLZK57X335VQ":"/Inschrijvingen/Oost.xlsx","01R2PLKJDUJHPRCWOS4NH33SBKXPDJJFVM":"/Inschrijvingen/Zuid Nederland.xlsx","01R2PLKJA345NYJOHVFZD2FTQOSRFTEU5Q":"/Inschrijvingen/Rotterdam.xlsx"},"type":"OpenApiConnection","inputs":{"parameters":{"source":"me","drive":"b!CqinCZ0XvkCPozcqtWpVzu00s6B_W_RPjCDktczh-G5XG3TfEOcqRb1QR4mfZbTX","file":"01R2PLKJA345NYJOHVFZD2FTQOSRFTEU5Q","table":"Baseball","dateTimeFormat":"ISO 8601","item/Voornaam":"@triggerBody()?['firstName']","item/Tussenvoegels":"@triggerBody()?['middleName']","item/Achternaam":"@triggerBody()?['lastName']","item/Adres_thuis":"@{triggerBody()?['homeStreet']} @{triggerBody()?['homeNumber']}","item/Postcode_thuis":"@triggerBody()?['homePostal']","item/Woonplaats_thuis":"@triggerBody()?['homeCity']","item/Telefoonnummer ouders":"@triggerBody()?['parentPhone']","item/Telefoonnummer kind":"@triggerBody()?['playerPhone']","item/Email":"@triggerBody()?['parentEmail']","item/School":"@triggerBody()?['schoolName']","item/Adres_school":"@{triggerBody()?['schoolStreet']} @{triggerBody()?['schoolNumber']}","item/Postcode_school":"@triggerBody()?['schoolPostal']","item/Plaats_school":"@triggerBody()?['homeCity']","item/Club":"@triggerBody()?['club']","item/Team":"@triggerBody()?['team']","item/Regio thuis":"@triggerBody()?['homeRegion']","item/Regio School":"@triggerBody()?['schoolRegion']","item/Leeftijd":"@triggerBody()?['leeftijd']","item/Geboortemaand":"@triggerBody()?['month']","item/Geboortejaar":"@triggerBody()?['year']","item/Geboortedatum":"@triggerBody()?['birthDate']","item/Geslacht":"@triggerBody()?['gender']","item/Honk~1Soft":"@triggerBody()?['sport']","item/League":"@triggerBody()?['league']","item/LL Leeftijd":"@triggerBody()?['age']","item/AVG":"@triggerBody()?['gdprConsent']","item/created_at":"@utcNow()"},"host":{"apiId":"/providers/Microsoft.PowerApps/apis/shared_excelonlinebusiness","connectionName":"shared_excelonlinebusiness","operationId":"AddRowV2"},"authentication":"@parameters('$authentication')"}}},"else":{"actions":{"Een_rij_toevoegen_aan_een_tabel-_Softball_-_Rotterdam":{"metadata":{"01R2PLKJH66LWFYBUZBNAJMZWCXKN6S34X":"/Inschrijvingen 2024/TST -inschrijving.xlsx","tableId":"Softbal","operationMetadataId":"0e8a651d-6b4e-4382-a64e-bc60245fffaf","01R2PLKJHGWAXSJBZ66VEL7UM74XA76KHI":"/Inschrijvingen/Amsterdam.xlsx","01R2PLKJGUTDYUMB72VFF2XQC3OWNZKW6S":"/Inschrijvingen/Den Haag.xlsx","01R2PLKJFDCE6SADT4GRBZPKBEF4556KKU":"/Inschrijvingen/Brabant - Zeeland.xlsx","01R2PLKJDEJIE3IOE42ZAJHKDNDXWEWHEG":"/Inschrijvingen/Haarlem.xlsx","01R2PLKJBP4LUYOWO6J5CJ4MLUTR2WPDZO":"/Inschrijvingen/Midden - Nederland.xlsx","01R2PLKJBUHO4G2UEBAVFYN63PL2YEX3XL":"/Inschrijvingen/Noord Holland.xlsx","01R2PLKJDQQRMTCKB4DBCYGGUZ3G7ZFNUB":"/Inschrijvingen/Noord.xlsx","01R2PLKJHMKTDMSIYSSBHZDLZK57X335VQ":"/Inschrijvingen/Oost.xlsx","01R2PLKJDUJHPRCWOS4NH33SBKXPDJJFVM":"/Inschrijvingen/Zuid Nederland.xlsx","01R2PLKJA345NYJOHVFZD2FTQOSRFTEU5Q":"/Inschrijvingen/Rotterdam.xlsx"},"type":"OpenApiConnection","inputs":{"parameters":{"source":"me","drive":"b!CqinCZ0XvkCPozcqtWpVzu00s6B_W_RPjCDktczh-G5XG3TfEOcqRb1QR4mfZbTX","file":"01R2PLKJA345NYJOHVFZD2FTQOSRFTEU5Q","table":"Softbal","dateTimeFormat":"ISO 8601","item/Voornaam":"@triggerBody()?['firstName']","item/Tussenvoegels":"@triggerBody()?['middleName']","item/Achternaam":"@triggerBody()?['lastName']","item/Adres_thuis":"@{triggerBody()?['homeStreet']} @{triggerBody()?['homeNumber']}","item/Postcode_thuis":"@triggerBody()?['homePostal']","item/Woonplaats_thuis":"@triggerBody()?['homeCity']","item/Telefoonnummer ouders":"@triggerBody()?['parentPhone']","item/Telefoonnummer kind":"@triggerBody()?['playerPhone']","item/Email":"@triggerBody()?['parentEmail']","item/School":"@triggerBody()?['schoolName']","item/Adres_school":"@{triggerBody()?['schoolStreet']} @{triggerBody()?['schoolNumber']}","item/Postcode_school":"@triggerBody()?['schoolPostal']","item/Plaats_school":"@triggerBody()?['schoolCity']","item/Club":"@triggerBody()?['club']","item/Team":"@triggerBody()?['team']","item/Regio thuis":"@triggerBody()?['homeRegion']","item/Regio School":"@triggerBody()?['schoolRegion']","item/Leeftijd":"@triggerBody()?['leeftijd']","item/Geboortemaand":"@triggerBody()?['month']","item/Geboortejaar":"@triggerBody()?['year']","item/Geboortedatum":"@triggerBody()?['birthDate']","item/Geslacht":"@triggerBody()?['gender']","item/Honk~1Soft":"@triggerBody()?['sport']","item/League":"@triggerBody()?['league']","item/LL Leeftijd":"@triggerBody()?['age']","item/AVG":"@triggerBody()?['gdprConsent']","item/created_at":"@utcNow()"},"host":{"apiId":"/providers/Microsoft.PowerApps/apis/shared_excelonlinebusiness","connectionName":"shared_excelonlinebusiness","operationId":"AddRowV2"},"authentication":"@parameters('$authentication')"}}}},"expression":{"and":[{"equals":["@triggerBody()?['sport']","Baseball"]}]},"metadata":{"operationMetadataId":"18a5560b-9ba0-4b7c-af71-ae45ad75b8a5"},"type":"If"}}}},"default":{"actions":{"Voorwaarde-copy-copy-copy-copy-copy-copy-copy-copy-copy-copy":{"actions":{"Een_rij_toevoegen_aan_een_tabel-_Baseball_11":{"metadata":{"01R2PLKJH66LWFYBUZBNAJMZWCXKN6S34X":"/Inschrijvingen 2024/TST -inschrijving.xlsx","tableId":"Baseball","operationMetadataId":"0e8a651d-6b4e-4382-a64e-bc60245fffaf","01R2PLKJHGWAXSJBZ66VEL7UM74XA76KHI":"/Inschrijvingen 2024/Amsterdam.xlsx","01R2PLKJGUTDYUMB72VFF2XQC3OWNZKW6S":"/Inschrijvingen 2024/Den Haag.xlsx","01R2PLKJFDCE6SADT4GRBZPKBEF4556KKU":"/Inschrijvingen 2024/Brabant - Zeeland.xlsx","01R2PLKJDEJIE3IOE42ZAJHKDNDXWEWHEG":"/Inschrijvingen 2024/Haarlem.xlsx","01R2PLKJBP4LUYOWO6J5CJ4MLUTR2WPDZO":"/Inschrijvingen 2024/Midden - Nederland.xlsx","01R2PLKJBUHO4G2UEBAVFYN63PL2YEX3XL":"/Inschrijvingen 2024/Noord Holland.xlsx","01R2PLKJDQQRMTCKB4DBCYGGUZ3G7ZFNUB":"/Inschrijvingen 2024/Noord.xlsx","01R2PLKJHMKTDMSIYSSBHZDLZK57X335VQ":"/Inschrijvingen 2024/Oost.xlsx","01R2PLKJA345NYJOHVFZD2FTQOSRFTEU5Q":"/Inschrijvingen 2024/Rotterdam.xlsx"},"type":"OpenApiConnection","inputs":{"parameters":{"source":"me","drive":"b!CqinCZ0XvkCPozcqtWpVzu00s6B_W_RPjCDktczh-G5XG3TfEOcqRb1QR4mfZbTX","file":"01R2PLKJH66LWFYBUZBNAJMZWCXKN6S34X","table":"Baseball","dateTimeFormat":"ISO 8601"},"host":{"apiId":"/providers/Microsoft.PowerApps/apis/shared_excelonlinebusiness","connectionName":"shared_excelonlinebusiness","operationId":"AddRowV2"},"authentication":"@parameters('$authentication')"}}},"else":{"actions":{"Een_rij_toevoegen_aan_een_tabel-_Softball_-copy_11":{"metadata":{"01R2PLKJH66LWFYBUZBNAJMZWCXKN6S34X":"/Inschrijvingen 2024/TST -inschrijving.xlsx","tableId":"{09A72E86-E663-4290-9563-A2A1BA95A7CC}","operationMetadataId":"0e8a651d-6b4e-4382-a64e-bc60245fffaf","01R2PLKJHGWAXSJBZ66VEL7UM74XA76KHI":"/Inschrijvingen 2024/Amsterdam.xlsx","01R2PLKJGUTDYUMB72VFF2XQC3OWNZKW6S":"/Inschrijvingen 2024/Den Haag.xlsx","01R2PLKJFDCE6SADT4GRBZPKBEF4556KKU":"/Inschrijvingen 2024/Brabant - Zeeland.xlsx","01R2PLKJDEJIE3IOE42ZAJHKDNDXWEWHEG":"/Inschrijvingen 2024/Haarlem.xlsx","01R2PLKJBP4LUYOWO6J5CJ4MLUTR2WPDZO":"/Inschrijvingen 2024/Midden - Nederland.xlsx","01R2PLKJBUHO4G2UEBAVFYN63PL2YEX3XL":"/Inschrijvingen 2024/Noord Holland.xlsx","01R2PLKJDQQRMTCKB4DBCYGGUZ3G7ZFNUB":"/Inschrijvingen 2024/Noord.xlsx","01R2PLKJHMKTDMSIYSSBHZDLZK57X335VQ":"/Inschrijvingen 2024/Oost.xlsx","01R2PLKJA345NYJOHVFZD2FTQOSRFTEU5Q":"/Inschrijvingen 2024/Rotterdam.xlsx"},"type":"OpenApiConnection","inputs":{"parameters":{"source":"me","drive":"b!CqinCZ0XvkCPozcqtWpVzu00s6B_W_RPjCDktczh-G5XG3TfEOcqRb1QR4mfZbTX","file":"01R2PLKJH66LWFYBUZBNAJMZWCXKN6S34X","table":"{09A72E86-E663-4290-9563-A2A1BA95A7CC}","dateTimeFormat":"ISO 8601"},"host":{"apiId":"/providers/Microsoft.PowerApps/apis/shared_excelonlinebusiness","connectionName":"shared_excelonlinebusiness","operationId":"AddRowV2"},"authentication":"@parameters('$authentication')"}}}},"expression":{"and":[{"equals":["@triggerBody()?['sport']","Baseball"]}]},"metadata":{"operationMetadataId":"83b7fbcb-2362-4f4a-8cf0-8153a61b6881"},"type":"If"}}},"expression":"@triggerBody()?['homeRegion']","metadata":{"operationMetadataId":"f2378ce8-df85-4dc7-b1f8-49d43da9cd56"},"type":"Switch"},"Vertragen":{"runAfter":{},"metadata":{"operationMetadataId":"55ee55f2-f101-44e6-a3e5-a4cb0f179b78"},"type":"Wait","inputs":{"interval":{"count":30,"unit":"Second"}}},"Een_e-mail_verzenden_(V2)":{"runAfter":{"Voorwaarde":["Succeeded"]},"metadata":{"operationMetadataId":"3366e7ac-4576-4f5d-907d-e26e4700079d"},"type":"OpenApiConnection","inputs":{"parameters":{"emailMessage/To":"@triggerBody()?['parentEmail']","emailMessage/Subject":"Je bent ingeschreven voor het NK Little League 2026","emailMessage/Body":"<p class=\"editor-paragraph\">Beste @{triggerBody()?['firstName']},</p><br><p class=\"editor-paragraph\">Dank je wel voor je inschrijving voor het NK Little League 2026.</p><p class=\"editor-paragraph\"><b><strong class=\"editor-text-bold\">We hebben de onderstaande gegevens van je ontvangen:</strong></b><br>Voornaam: @{triggerBody()?['firstName']}<br>Tussenvoegels: @{triggerBody()?['middleName']}<br>Achternaam: @{triggerBody()?['lastName']}<br>Adres: @{triggerBody()?['homeStreet']} @{triggerBody()?['homeNumber']}<br>Postcode: @{triggerBody()?['homePostal']}<br>Woonplaats: @{triggerBody()?['homeCity']}<br>Geboortedatum: @{triggerBody()?['birthDate']}<br>Geslacht: @{triggerBody()?['gender']}</p><p class=\"editor-paragraph\">Telefoonnummer ouders: @{triggerBody()?['parentPhone']}<br>Telefoonnummer kind: @{triggerBody()?['playerPhone']}<br>Emailadres: @{triggerBody()?['parentEmail']}</p><p class=\"editor-paragraph\">School: @{triggerBody()?['schoolName']}<br>Adres school: @{triggerBody()?['schoolStreet']} @{triggerBody()?['schoolNumber']}<br>Postcode school: @{triggerBody()?['schoolPostal']}<br>Plaats school: @{triggerBody()?['schoolCity']}</p><p class=\"editor-paragraph\">Club: @{triggerBody()?['club']}<br>Team: @{triggerBody()?['team']}</p><p class=\"editor-paragraph\">Little League Leeftijd: @{triggerBody()?['age']}<br>Jij mag uitkomen in de volgende league: @{triggerBody()?['league']} @{triggerBody()?['sport']}<br>Regio:<br>- Thuis: @{triggerBody()?['homeRegion']}<br>- School: @{triggerBody()?['schoolRegion']}</p><br><p class=\"editor-paragraph\"><b><strong class=\"editor-text-bold\">Hierbij geef ik toestemming dat: </strong></b>de door mij ingevulde gegevens gebruikt kunnen worden ten behoeve van communicatie doeleinden voor deelname aan het NK Little League programma. Foto en filmmateriaal die gemaakt worden, tijdens gerelateerde NK Little League evenementen, gebruikt kan worden voor communicatie doeleinden ten behoeve van het NK Little League programma.</p><br><p class=\"editor-paragraph\">De inschrijving loopt tot 15 februari 2026. Je zult tot die tijd even niks van ons horen. De regiocoördinator van je league neemt contact met je op over het programma in jouw regio. <a href=\"https://nklittleleague.nl/regio/#regioInfo\" class=\"editor-link\">Op de website kun je de regiocoördinatoren vinden.</a></p><br><p class=\"editor-paragraph\">Wil je meer weten over het NK Little League kijk dan op de <a href=\"https://nklittleleague.nl/\" class=\"editor-link\">website </a>of volg ons op <a href=\"https://www.facebook.com/nklittleleague/\" class=\"editor-link\">Facebook </a>of <a href=\"https://www.instagram.com/nklittleleague\" class=\"editor-link\">Instagram</a></p><br><p class=\"editor-paragraph\">Veel plezier en succes!</p><p class=\"editor-paragraph\">Organisatie Little League Nederland<br><br><i><em class=\"editor-text-italic\">Klopt er iets niet in je inschrijving neem dan contact met ons op. Dat kan door te antwoorden op deze mail.</em></i></p>","emailMessage/Bcc":"organisatie@nklittleleague.nl","emailMessage/ReplyTo":"organisatie@nklittleleague.nl","emailMessage/Importance":"Normal"},"host":{"apiId":"/providers/Microsoft.PowerApps/apis/shared_office365","connectionName":"shared_office365","operationId":"SendEmailV2"},"authentication":"@parameters('$authentication')"}}},"outputs":{}},"connectionReferences":{"shared_excelonlinebusiness":{"connectionName":"shared-excelonlinebu-880b9d22-66e6-4448-86fb-1cd25531edcf","source":"Embedded","id":"/providers/Microsoft.PowerApps/apis/shared_excelonlinebusiness","tier":"NotSpecified","apiName":"excelonlinebusiness","isProcessSimpleApiReferenceConversionAlreadyDone":false},"shared_office365":{"connectionName":"shared-office365-bef0c63f-9d38-4eb6-bb54-444f867d668c","source":"Embedded","id":"/providers/Microsoft.PowerApps/apis/shared_office365","tier":"NotSpecified","apiName":"office365","isProcessSimpleApiReferenceConversionAlreadyDone":false}},"flowFailureAlertSubscribed":false,"isManaged":false}}